stt,name,age,point
1,nguyen van a,20,1.3968842729970332
2,tran thi b,,1.3638386835716219
3,le van c,17,-0.5858510925276503
4,hoang duc d,21,0.7392770434313464
5,nguyen van a,18,-0.09016725114647944
6,huynh luong e,,-1.9076746695441058
7,,,-0.9163069867817643
