stt,name,age,point,pointBin
1,nguyen van a,20,10,"[6.666666666666666,10.0]"
2,tran thi b,,9.9,"[6.666666666666667,10.0)"
3,le van c,17,4,"[3.3333333333333335,6.666666666666667)"
4,hoang duc d,21,8.01,"[6.666666666666667,10.0)"
5,nguyen van a,18,5.5,"[3.3333333333333335,6.666666666666667)"
6,huynh luong e,,0,"[0.0,3.3333333333333335)"
7,,,3,"[0.0,3.3333333333333335)"
